{
 "abort_on_missing": false, 
 "check_memory": false, 
 "enable_e10s": false, 
 "is-sdk-bundled": false, 
 "jetpackID": "jid1-QI9DPEL3KwD8VQ@jetpack", 
 "loader": "addon-sdk/lib/sdk/loader/cuddlefish.js", 
 "main": "main", 
 "mainPath": "ticketassistant/main", 
 "manifest": {
  "ticketassistant/main": {
   "docsSHA256": null, 
   "jsSHA256": "c1ef796216882885a45710497130ee0205e2d74541266addfd2241b9cdda89d7", 
   "moduleName": "main", 
   "packageName": "ticketassistant", 
   "requirements": {}, 
   "sectionName": "lib"
  }
 }, 
 "metadata": {
  "addon-sdk": {
   "description": "Add-on development made easy.", 
   "keywords": [
    "javascript", 
    "engine", 
    "addon", 
    "extension", 
    "xulrunner", 
    "firefox", 
    "browser"
   ], 
   "license": "MPL 2.0", 
   "name": "addon-sdk"
  }, 
  "ticketassistant": {
   "description": "a basic add-on", 
   "license": "MPL 2.0", 
   "main": "main", 
   "name": "ticketassistant", 
   "version": "0.1"
  }
 }, 
 "name": "ticketassistant", 
 "parseable": false, 
 "preferencesBranch": "jid1-QI9DPEL3KwD8VQ@jetpack", 
 "sdkVersion": "1.17", 
 "staticArgs": {}, 
 "verbose": false
}